defcount,addr_state,ERcount,Schcount,Curcount,DTI,income,shortcount,longcount,Period,ER_rate,Def_rate,termRatio
15,AZ,36,2,353,12.287081712062262,75486.04459143968,182,75,2010-01-01,0.08866995073891626,0.03694581280788178,0.41208791208791207
8,SC,19,1,182,12.605338345864668,60300.42466165414,93,40,2010-01-01,0.09047619047619047,0.0380952380952381,0.43010752688172044
3,LA,12,3,179,13.863664122137408,86128.76488549619,87,44,2010-01-01,0.06091370558375635,0.015228426395939087,0.5057471264367817
34,NJ,66,19,823,12.656628289473687,73944.8533388158,442,166,2010-01-01,0.07006369426751592,0.036093418259023353,0.3755656108597285
11,VA,50,7,651,13.192647058823537,69798.51737394958,355,121,2010-01-01,0.06954102920723226,0.015299026425591099,0.3408450704225352
5,KY,8,1,132,13.068999999999999,59157.93,77,23,2010-01-01,0.0547945205479452,0.03424657534246575,0.2987012987012987
1,NH,4,3,82,13.393454545454547,72044.02036363636,41,14,2010-01-01,0.044444444444444446,0.011111111111111112,0.34146341463414637
11,WI,22,11,210,13.13650602409639,61052.886204819275,117,49,2010-01-01,0.08661417322834646,0.04330708661417323,0.4188034188034188
138,CA,230,2,2975,12.83022779043282,72504.00213211846,1642,553,2010-01-01,0.0687593423019432,0.04125560538116592,0.33678440925700365
10,CT,22,8,346,12.085019305019307,70450.7986100386,196,63,2010-01-01,0.05699481865284974,0.025906735751295335,0.32142857142857145
3,NC,15,15,111,12.578202247191012,63756.370786516854,53,36,2010-01-01,0.10416666666666667,0.020833333333333332,0.6792452830188679
10,MD,30,3,476,13.124913294797688,78966.16352601157,239,107,2010-01-01,0.057803468208092484,0.019267822736030827,0.4476987447698745
11,MO,24,5,299,13.593433476394855,65127.58343347639,162,71,2010-01-01,0.07079646017699115,0.032448377581120944,0.4382716049382716
20,WA,42,2,317,12.876987447698747,70350.30543933055,172,67,2010-01-01,0.11023622047244094,0.05249343832020997,0.38953488372093026
8,AL,19,4,199,13.795095541401274,57909.565605095544,115,42,2010-01-01,0.08260869565217391,0.034782608695652174,0.3652173913043478
4,NM,7,3,95,12.617846153846154,124567.52184615385,44,21,2010-01-01,0.06422018348623854,0.03669724770642202,0.4772727272727273
49,NY,134,49,1681,12.039362903225788,72246.49649193547,943,297,2010-01-01,0.07004704652378463,0.02561421850496602,0.3149522799575822
44,TX,102,4,1203,13.77784580498865,75042.46293650795,669,213,2010-01-01,0.07538802660753881,0.032520325203252036,0.3183856502242152
25,GA,52,14,613,14.060657894736854,70774.54118421052,313,143,2010-01-01,0.07386363636363637,0.03551136363636364,0.45686900958466453
22,MA,61,29,621,12.778105263157896,69428.22597894736,349,126,2010-01-01,0.08321964529331514,0.030013642564802184,0.36103151862464183
5,KS,12,4,77,15.360357142857145,63733.857142857145,16,12,2010-01-01,0.12244897959183673,0.05102040816326531,0.75
19,CO,36,10,379,13.007380073800746,66147.24143911438,197,74,2010-01-01,0.08108108108108109,0.04279279279279279,0.3756345177664975
62,FL,105,31,1172,13.385598591549298,63172.82610328638,622,230,2010-01-01,0.07664233576642336,0.04525547445255475,0.36977491961414793
3,AR,10,1,97,14.101875000000001,71256.107,54,26,2010-01-01,0.09009009009009009,0.02702702702702703,0.48148148148148145
7,UT,10,5,105,12.936799999999996,69662.58133333334,50,25,2010-01-01,0.07874015748031496,0.05511811023622047,0.5
20,AZ,77,22,716,13.961801242236014,65634.52927536232,298,185,2011-01-01,0.09221556886227544,0.023952095808383235,0.6208053691275168
15,SC,35,9,387,14.48912878787879,64257.89575757576,159,105,2011-01-01,0.07847533632286996,0.033632286995515695,0.660377358490566
12,LA,38,8,373,15.150952380952377,69291.97476190477,167,85,2011-01-01,0.08816705336426914,0.027842227378190254,0.5089820359281437
26,MN,59,20,493,14.10896755162242,60472.946991150435,236,103,2011-01-01,0.09866220735785954,0.043478260869565216,0.4364406779661017
54,NJ,156,45,1561,13.278954773869344,77149.16716582915,629,366,2011-01-01,0.08590308370044053,0.02973568281938326,0.5818759936406995
3,DC,20,3,180,12.96589285714286,77228.27642857144,79,33,2011-01-01,0.0970873786407767,0.014563106796116505,0.4177215189873418
14,OR,43,10,365,14.273127572016469,59003.88065843622,162,81,2011-01-01,0.09953703703703703,0.032407407407407406,0.5
33,VA,163,40,1124,13.907478873239436,76987.88656338028,441,269,2011-01-01,0.11985294117647059,0.02426470588235294,0.6099773242630385
2,RI,17,11,162,12.760096153846147,72547.16153846154,72,32,2011-01-01,0.08854166666666667,0.010416666666666666,0.4444444444444444
13,KY,26,6,291,14.713999999999999,62816.07746341463,120,85,2011-01-01,0.07738095238095238,0.03869047619047619,0.7083333333333334
7,NH,15,4,146,14.676000000000002,71278.44,56,34,2011-01-01,0.0872093023255814,0.040697674418604654,0.6071428571428571
19,MI,71,20,606,13.993124999999996,70850.74184782608,219,149,2011-01-01,0.09916201117318436,0.02653631284916201,0.680365296803653
31,NV,40,10,400,14.157344262295087,67306.17639344263,185,120,2011-01-01,0.08316008316008316,0.06444906444906445,0.6486486486486487
13,WI,44,10,392,14.671044176706829,62923.75020080322,141,108,2011-01-01,0.09586056644880174,0.02832244008714597,0.7659574468085106
221,CA,583,189,5827,13.197386569872958,71438.05863624577,2633,1224,2011-01-01,0.08548387096774193,0.032404692082111435,0.46486897075579187
14,CT,72,16,645,13.690671641791026,79157.7584079602,240,162,2011-01-01,0.0963855421686747,0.018741633199464525,0.675
1,MT,8,5,70,14.362941176470589,59512.82352941176,25,26,2011-01-01,0.09523809523809523,0.011904761904761904,1.04
16,NC,47,20,688,14.223942598187323,64802.44107250756,419,243,2011-01-01,0.0609597924773022,0.020752269779507133,0.5799522673031027
32,MD,107,26,861,13.439199999999996,77566.22576363638,329,221,2011-01-01,0.10428849902534112,0.031189083820662766,0.6717325227963525
1,DE,10,3,101,14.968035714285714,70445.0,38,18,2011-01-01,0.08695652173913043,0.008695652173913044,0.47368421052631576
31,MO,55,20,589,15.07329145728643,61335.61678391959,265,133,2011-01-01,0.07913669064748201,0.04460431654676259,0.5018867924528302
35,IL,139,40,1322,13.77601635514019,68870.89978971962,568,288,2011-01-01,0.09049479166666667,0.022786458333333332,0.5070422535211268
25,WA,72,19,674,13.782135306553931,65031.90661733615,329,144,2011-01-01,0.09113924050632911,0.03164556962025317,0.4376899696048632
6,AL,44,4,387,14.821239669421491,67716.51578512396,150,92,2011-01-01,0.09977324263038549,0.013605442176870748,0.6133333333333333
36,OH,104,39,1062,15.028793604651192,62576.54332848838,411,277,2011-01-01,0.08380338436744561,0.029008863819500404,0.6739659367396593
2,NM,16,9,160,14.975108695652175,61786.59782608696,57,35,2011-01-01,0.0855614973262032,0.0106951871657754,0.6140350877192983
53,PA,135,29,1292,14.68122940430924,63338.549746514575,499,290,2011-01-01,0.08946322067594434,0.03512259774685222,0.5811623246492986
3,SD,6,3,52,14.426000000000002,52195.998,26,14,2011-01-01,0.09375,0.046875,0.5384615384615384
99,NY,349,84,3174,12.730774161735699,71885.82598126233,1347,681,2011-01-01,0.09417161359956827,0.02671343766864544,0.5055679287305123
68,TX,259,70,2273,14.440978260869569,75180.71222146739,984,488,2011-01-01,0.09700374531835206,0.02546816479400749,0.4959349593495935
9,WV,19,1,152,15.76152173913043,57330.65173913044,55,37,2011-01-01,0.10497237569060773,0.049723756906077346,0.6727272727272727
51,GA,133,39,1112,14.418506224066386,69610.20326417703,454,269,2011-01-01,0.099625468164794,0.038202247191011236,0.5925110132158591
37,MA,117,26,1092,13.038310291858672,75832.24092165897,434,217,2011-01-01,0.09198113207547169,0.02908805031446541,0.5
4,KS,30,12,222,14.208429319371744,63455.89884816754,121,70,2011-01-01,0.11194029850746269,0.014925373134328358,0.5785123966942148
28,CO,76,23,635,14.134960835509133,67231.72919060053,242,141,2011-01-01,0.09973753280839895,0.03674540682414698,0.5826446280991735
111,FL,208,60,2395,13.893986275732974,64589.94859638178,1058,545,2011-01-01,0.07498197548666186,0.04001441961067051,0.5151228733459358
3,AK,4,3,69,15.75078431372549,66838.37333333334,30,21,2011-01-01,0.05063291139240506,0.0379746835443038,0.7
9,AR,25,5,204,16.372054794520547,55259.600410958905,99,47,2011-01-01,0.102880658436214,0.037037037037037035,0.47474747474747475
10,OK,29,2,256,14.545690607734809,64958.69127071823,110,71,2011-01-01,0.09764309764309764,0.03367003367003367,0.6454545454545455
9,UT,20,7,203,14.070298507462688,67281.41134328357,84,50,2011-01-01,0.08368200836820083,0.03765690376569038,0.5952380952380952
3,HI,11,1,149,14.50592592592593,66863.45925925925,71,37,2011-01-01,0.06707317073170732,0.018292682926829267,0.5211267605633803
68,AZ,173,40,1628,16.539715481171577,63782.6221171548,1004,191,2012-01-01,0.09062336301728653,0.035620743844945,0.1902390438247012
28,SC,81,26,882,18.319381933438958,65724.26743264661,494,137,2012-01-01,0.07964601769911504,0.02753195673549656,0.2773279352226721
24,LA,77,20,906,17.64093272171256,67790.51807339449,495,159,2012-01-01,0.07497565725413827,0.023369036027263874,0.3212121212121212
34,MN,119,26,1199,17.452587570621475,63887.47246327684,718,167,2012-01-01,0.08635703918722787,0.02467343976777939,0.23259052924791088
130,NJ,313,104,3112,15.675923809523836,76973.07496190476,1682,418,2012-01-01,0.08554249795025963,0.03552883301448483,0.24851367419738407
4,DC,43,16,288,13.918947368421051,78558.8701754386,150,21,2012-01-01,0.1225071225071225,0.011396011396011397,0.14
36,OR,73,15,906,16.37529323308271,60374.78222556391,555,110,2012-01-01,0.070873786407767,0.03495145631067961,0.1981981981981982
74,VA,270,70,2382,16.79510155316608,73633.59277777777,1302,372,2012-01-01,0.09656652360515021,0.026466380543633764,0.2857142857142857
14,RI,37,12,344,15.985020408163278,66241.57975510204,206,39,2012-01-01,0.09090909090909091,0.0343980343980344,0.18932038834951456
22,KY,59,21,648,17.928605664488003,65123.8582788671,361,98,2012-01-01,0.07866666666666666,0.029333333333333333,0.27146814404432135
1,WY,16,6,172,19.283199999999994,64402.71776,101,24,2012-01-01,0.08205128205128205,0.005128205128205128,0.2376237623762376
11,NH,31,10,343,17.638755020080318,66823.58032128515,200,49,2012-01-01,0.07848101265822785,0.027848101265822784,0.245
62,MI,140,37,1576,17.156501240694773,64420.45636889992,981,228,2012-01-01,0.07713498622589532,0.03415977961432507,0.2324159021406728
44,NV,84,20,1043,17.01487373737373,63960.996590909075,659,133,2012-01-01,0.07052896725440806,0.036943744752308987,0.20182094081942337
35,WI,87,16,863,17.53937602627256,61906.870229885055,479,130,2012-01-01,0.08691308691308691,0.03496503496503497,0.27139874739039666
532,CA,1237,331,12994,15.59672523445086,71874.52678020907,7889,1388,2012-01-01,0.08195309394461375,0.035245793030343184,0.17594118392698693
54,CT,142,46,1264,16.209374275782164,76726.71384704519,677,186,2012-01-01,0.09428950863213811,0.035856573705179286,0.27474150664697194
4,MT,18,4,207,18.765030674846617,57052.89417177914,136,27,2012-01-01,0.07725321888412018,0.017167381974248927,0.19852941176470587
4,VT,10,1,161,19.451984732824425,59982.62595419848,99,32,2012-01-01,0.056818181818181816,0.022727272727272728,0.32323232323232326
77,MD,170,59,1735,16.553274111675155,76641.67540609137,927,255,2012-01-01,0.08329250367466928,0.037726604605585495,0.2750809061488673
7,DE,28,6,178,17.99546218487395,68403.12470588235,90,29,2012-01-01,0.1278538812785388,0.0319634703196347,0.32222222222222224
53,MO,131,29,1218,17.68167061611374,63521.68355450237,646,198,2012-01-01,0.09154437456324249,0.037037037037037035,0.3065015479876161
74,IL,277,67,2950,16.465989252564714,72560.0877479238,1667,380,2012-01-01,0.08224465558194774,0.021971496437054632,0.22795440911817635
58,WA,133,41,1669,16.607266069975594,67550.24865744509,1018,211,2012-01-01,0.06996317727511836,0.03051025775907417,0.20726915520628683
30,AL,83,21,948,18.393309352517974,65390.868863309355,518,177,2012-01-01,0.0767097966728281,0.027726432532347505,0.3416988416988417
73,OH,199,81,2260,18.046842783505156,64866.20528350514,1209,343,2012-01-01,0.07615767317259854,0.027937236892460773,0.2837055417700579
16,NM,27,12,383,18.220503597122313,66284.17431654676,225,53,2012-01-01,0.06164383561643835,0.0365296803652968,0.23555555555555555
69,PA,272,96,2602,17.640658271322245,66171.97833428736,1362,385,2012-01-01,0.08950312602829878,0.022704837117472853,0.28267254038179146
5,SD,9,1,157,19.189250000000005,54296.708666666666,107,13,2012-01-01,0.05232558139534884,0.029069767441860465,0.12149532710280374
224,NY,736,203,7107,15.251952604778706,73596.39195456328,4165,941,2012-01-01,0.08899637243047158,0.027085852478839177,0.22593037214885955
165,TX,515,140,5713,17.54129864041263,73302.02045007035,3531,735,2012-01-01,0.07883055257921323,0.02525639063217511,0.20815632965165676
7,WV,26,11,330,18.07112612612613,62881.94594594595,178,44,2012-01-01,0.06951871657754011,0.01871657754010695,0.24719101123595505
95,GA,221,60,2372,17.20023199023202,74247.2091208791,1302,336,2012-01-01,0.08042212518195051,0.034570596797671035,0.25806451612903225
77,MA,202,85,2100,15.657106413994182,75073.60286443151,1108,264,2012-01-01,0.08198051948051949,0.03125,0.23826714801444043
20,KS,45,13,646,18.11195219123504,61795.13059760956,388,114,2012-01-01,0.062154696132596686,0.027624309392265192,0.29381443298969073
38,CO,149,38,1411,17.05571428571429,67899.05277722278,818,183,2012-01-01,0.0910757946210269,0.023227383863080684,0.2237163814180929
221,FL,491,149,5515,16.93963399348209,65214.81829029833,3320,669,2012-01-01,0.07700752823086575,0.03466122961104141,0.20150602409638554
2,AK,18,4,223,17.52207865168539,70557.32516853932,139,39,2012-01-01,0.0728744939271255,0.008097165991902834,0.2805755395683453
10,AR,46,6,565,17.954255319148928,61573.026004728126,346,77,2012-01-01,0.0733652312599681,0.01594896331738437,0.22254335260115607
21,OK,68,14,596,18.2363963963964,63625.57612612613,360,84,2012-01-01,0.09728183118741059,0.030042918454935622,0.23333333333333334
21,UT,56,16,493,17.01211488250654,65109.16665796344,324,59,2012-01-01,0.09556313993174062,0.03583617747440273,0.18209876543209877
13,HI,37,6,408,18.463829113924042,67311.31594936708,263,53,2012-01-01,0.07974137931034483,0.028017241379310345,0.20152091254752852
138,AZ,469,62,4034,17.253532661683476,69539.05901852454,2329,748,2013-01-01,0.09972358069317457,0.029342972570699552,0.32116788321167883
68,SC,187,35,2084,18.395304755525807,69341.07604822505,1060,433,2013-01-01,0.07877000842459983,0.02864363942712721,0.40849056603773587
64,LA,187,37,2232,18.299944237918197,71637.94605947954,1158,456,2013-01-01,0.0742063492063492,0.025396825396825397,0.39378238341968913
99,MN,322,44,3077,17.272371002132203,68885.39687846482,1727,618,2013-01-01,0.09090909090909091,0.027950310559006212,0.3578459756803706
279,NJ,624,183,7131,15.926909233176824,83710.645614241,3717,1395,2013-01-01,0.07594012413289522,0.033953997809419496,0.37530266343825663
20,DC,81,17,565,14.8226582278481,86475.02184810127,304,91,2013-01-01,0.11859443631039532,0.029282576866764276,0.2993421052631579
85,OR,220,42,2463,16.776125984251962,64079.572041994754,1496,409,2013-01-01,0.07829181494661921,0.030249110320284697,0.2733957219251337
189,VA,577,149,5564,17.421896509641172,80301.97628752746,2876,1221,2013-01-01,0.0890569532335237,0.02917116839018367,0.424547983310153
35,RI,76,19,769,16.842018018018035,69980.4347027027,406,149,2013-01-01,0.08453837597330367,0.0389321468298109,0.3669950738916256
53,KY,165,23,1647,18.667228041901705,65327.22171635778,873,368,2013-01-01,0.08739406779661017,0.028072033898305086,0.4215349369988545
12,WY,29,12,452,19.33396396396397,68906.62396396397,226,107,2013-01-01,0.05742574257425743,0.023762376237623763,0.47345132743362833
24,NH,95,16,847,18.034578125,73161.431171875,473,167,2013-01-01,0.09674134419551934,0.024439918533604887,0.35306553911205074
147,MI,353,57,4358,17.989416167664647,67748.2998023952,2463,877,2013-01-01,0.07182095625635809,0.029908443540183113,0.3560698335363378
128,NV,222,26,2638,17.63056145675265,68649.60148710167,1563,414,2013-01-01,0.07365627073656271,0.042468480424684804,0.2648752399232246
81,WI,197,46,2225,17.75693357058126,64089.37248517202,1225,461,2013-01-01,0.07728520988622989,0.031777167516673206,0.3763265306122449
1111,CA,3213,624,29497,15.917638125407677,76585.76705208234,16929,4537,2013-01-01,0.09327914065902163,0.032254318478734216,0.2680016539665662
99,CT,298,71,2839,16.17942241801275,80779.0516886931,1492,551,2013-01-01,0.09011188388267312,0.029936498336861204,0.3693029490616622
16,MT,58,7,533,18.443218673218666,60035.4611056511,309,98,2013-01-01,0.09446254071661238,0.026058631921824105,0.31715210355987056
201,NC,521,13,5118,17.785700470465258,69221.40015943543,2701,1125,2013-01-01,0.08901418076200239,0.03434136340338288,0.41651240281377266
12,VT,34,6,284,18.821942857142854,63145.08,135,40,2013-01-01,0.10119047619047619,0.03571428571428571,0.2962962962962963
140,MD,388,91,4217,16.994611916264102,81957.71746859903,2175,930,2013-01-01,0.08023159636062861,0.028949545078577336,0.42758620689655175
15,DE,40,12,467,17.133342696629217,77561.53480337079,251,105,2013-01-01,0.0749063670411985,0.028089887640449437,0.41832669322709165
100,MO,259,52,2918,18.66608901515153,66474.04518465909,1564,548,2013-01-01,0.07780114148392911,0.030039050765995796,0.35038363171355497
221,IL,590,153,7249,16.864154956323578,74608.33566654008,3933,1333,2013-01-01,0.07183733106051382,0.026908559600633142,0.33892702771421307
171,WA,416,64,4300,17.242918062747556,72214.10503502893,2461,822,2013-01-01,0.08402342961017976,0.03453847707533832,0.3340105648110524
88,AL,207,46,2251,19.208394160583918,66601.27714111924,1149,495,2013-01-01,0.0798611111111111,0.033950617283950615,0.4308093994778068
189,OH,479,114,5822,18.258808099401772,66295.09586746435,3132,1214,2013-01-01,0.07253179890975167,0.02861901877649909,0.3876117496807152
44,NM,80,24,974,18.03755405405404,70510.5150945946,546,194,2013-01-01,0.07130124777183601,0.0392156862745098,0.3553113553113553
220,PA,555,170,6251,17.922407045009816,70376.73529245489,3283,1316,2013-01-01,0.07712618121178433,0.030572540300166758,0.40085287846481876
13,SD,38,2,391,19.30006968641115,58857.92202090591,218,69,2013-01-01,0.08558558558558559,0.02927927927927928,0.3165137614678899
638,NY,1496,376,15740,15.689989238633364,75703.67665949241,8515,2636,2013-01-01,0.08197260273972602,0.03495890410958904,0.3095713446858485
421,TX,1278,252,14048,18.296282549553048,78030.96127186166,7622,2670,2013-01-01,0.07987999249953122,0.026314144634039627,0.35030175806874836
20,WV,83,19,899,19.181517341040454,67558.63046242775,467,225,2013-01-01,0.08129285014691479,0.019588638589618023,0.4817987152034261
182,GA,519,122,5783,17.79124881964117,73692.84768177528,3105,1131,2013-01-01,0.07856494096276112,0.027550711474417195,0.3642512077294686
154,MA,461,149,4365,16.319082810953496,79166.04674364896,2203,828,2013-01-01,0.08988106843439267,0.03002534607135894,0.3758511121198366
40,KS,145,4,1745,18.088586956521738,68491.44298913043,952,336,2013-01-01,0.0749741468459152,0.020682523267838676,0.35294117647058826
112,CO,356,72,3821,17.4684044715447,72726.42793021683,2188,764,2013-01-01,0.08163265306122448,0.025682182985553772,0.3491773308957952
559,FL,1168,260,12380,17.50129472852467,68396.2620905294,6859,2000,2013-01-01,0.08129741769332498,0.038908610009048515,0.291587694999271
14,AK,58,2,538,17.940179948586117,74354.73938303342,295,94,2013-01-01,0.09477124183006536,0.02287581699346405,0.31864406779661014
50,AR,115,20,1378,19.283947895791588,64711.69376753507,748,250,2013-01-01,0.07357645553422905,0.03198976327575176,0.3342245989304813
62,OK,130,19,1622,18.99702986279257,68284.27946731236,917,322,2013-01-01,0.07092198581560284,0.03382433169667212,0.3511450381679389
41,UT,158,10,1383,17.775150136487703,71226.87911737945,793,306,2013-01-01,0.0992462311557789,0.025753768844221106,0.3858764186633039
44,HI,101,11,1045,18.630768261964736,68120.47870277078,587,207,2013-01-01,0.08409658617818484,0.03663613655287261,0.3526405451448041
342,AZ,1144,105,7946,17.90551479934627,72243.32305974215,3889,1618,2014-01-01,0.11995386389850057,0.03586033343818811,0.4160452558498329
155,SC,511,61,4327,19.228778189161886,70892.98163244699,1971,1000,2014-01-01,0.10110803324099724,0.03066877720617333,0.5073566717402334
205,LA,554,70,4159,19.17769286490401,74241.47524447663,1856,905,2014-01-01,0.11106655974338413,0.04109863672814756,0.48760775862068967
251,MN,749,74,6274,18.167801683816613,69225.96696913002,2949,1327,2014-01-01,0.10193249863908546,0.03415895481763745,0.4499830451000339
629,NJ,1678,259,13422,16.763761705968598,86078.5705111136,6017,2846,2014-01-01,0.10495371528646485,0.03934200650487866,0.47299318597307627
25,DC,161,29,986,15.11354788069074,91441.66758241758,483,154,2014-01-01,0.1340549542048293,0.020815986677768527,0.3188405797101449
168,OR,685,68,4453,17.55114354395605,66603.37568337911,2101,811,2014-01-01,0.12746557499069594,0.03126163007071083,0.3860066634935745
470,VA,1462,161,10432,18.211731514716437,80317.9331787509,4520,2445,2014-01-01,0.11672654690618763,0.0375249500998004,0.540929203539823
63,RI,173,22,1553,17.694496644295292,69342.8866442953,697,346,2014-01-01,0.09552733296521258,0.034787410270568746,0.4964131994261119
158,KY,413,57,3396,19.427767969735143,68398.22609079447,1520,859,2014-01-01,0.10263419483101392,0.03926441351888668,0.5651315789473684
26,WY,131,12,866,19.784356775300164,71343.86831903944,383,200,2014-01-01,0.12657004830917876,0.025120772946859903,0.5221932114882507
67,NH,215,24,1696,18.689523809523795,75775.48728138529,770,385,2014-01-01,0.10739260739260739,0.033466533466533464,0.5
407,MI,1079,108,8964,18.357033037872682,68796.41230136987,4308,1897,2014-01-01,0.1021973858685357,0.03854896760750142,0.4403435468895079
253,NV,662,70,4874,17.98502015503875,72047.05148837209,2354,871,2014-01-01,0.11298856460146783,0.04318143027820447,0.3700084961767205
154,WI,570,50,4550,18.626584972589498,65816.0366494679,2153,948,2014-01-01,0.10706235912847484,0.028925619834710745,0.440315838365072
2436,CA,8238,1002,51084,16.756237269805013,78960.32974794967,24338,8949,2014-01-01,0.13126195028680687,0.03881453154875717,0.36769660613033117
204,CT,642,105,5370,16.806979615274177,81872.0008211312,2413,1070,2014-01-01,0.10156620787850024,0.0322733744660655,0.44343141317861584
31,MT,151,9,1072,19.096087551299593,64098.36618331052,491,240,2014-01-01,0.11955661124307206,0.02454473475851148,0.48879837067209775
432,NC,1297,160,9666,18.617267929214524,71815.53247283453,4233,2209,2014-01-01,0.11224578104716573,0.037386412808308095,0.5218521143397118
25,VT,81,12,708,19.604077490774912,65061.91016605167,373,169,2014-01-01,0.09806295399515738,0.03026634382566586,0.45308310991957107
336,MD,1089,135,8218,17.52695183321351,81408.8681991373,3650,1914,2014-01-01,0.1113724688075271,0.03436285538965023,0.5243835616438356
37,DE,116,16,959,19.19795763993949,72286.65184568835,414,247,2014-01-01,0.10283687943262411,0.03280141843971631,0.5966183574879227
243,MO,671,98,5693,19.121565469904983,67332.70576293558,2535,1253,2014-01-01,0.10007457121551082,0.036241610738255034,0.4942800788954635
565,IL,1701,239,14370,17.58864769422519,77274.26989925219,6701,2927,2014-01-01,0.1008,0.03348148148148148,0.4368004775406656
326,WA,1081,129,7878,17.69525205158266,74114.71921453693,3562,1556,2014-01-01,0.11482897811769704,0.034629275547057574,0.4368332397529478
214,AL,528,63,4478,19.8851087673039,69047.91334871456,1935,1099,2014-01-01,0.09994321408290743,0.04050728752602688,0.5679586563307494
498,OH,1348,183,11802,19.238403445262765,66638.01733616278,5248,2763,2014-01-01,0.09746222254356156,0.03600607331357096,0.5264862804878049
75,NM,253,18,1994,19.6210460863204,70356.10498902708,971,396,2014-01-01,0.10811965811965812,0.03205128205128205,0.407826982492276
505,PA,1448,207,12517,18.957321704046528,70046.69324789371,5504,2923,2014-01-01,0.09865776384819785,0.034407576480207126,0.5310683139534884
27,SD,97,9,764,20.455928853754934,59100.76466403162,360,146,2014-01-01,0.10813823857302118,0.030100334448160536,0.40555555555555556
1327,NY,3846,558,29918,16.539067409526705,78001.17953922604,14079,5844,2014-01-01,0.10788521417150551,0.037224045555275045,0.41508629874280845
971,TX,3554,399,28076,19.00089787525701,80367.44842726839,13388,5579,2014-01-01,0.1076969696969697,0.029424242424242426,0.4167164625037347
51,WV,207,26,1926,19.895774218154084,66764.74499618611,797,514,2014-01-01,0.09366515837104072,0.023076923076923078,0.644918444165621
456,GA,1458,178,11285,18.66689868421049,75611.03012368424,5169,2431,2014-01-01,0.10899304776855798,0.034088360618972864,0.4703037337976398
338,MA,1060,181,8011,16.715410932721735,80945.6429472477,3443,1789,2014-01-01,0.1105318039624609,0.03524504692387904,0.5196049956433343
130,KS,385,46,3286,19.035344745601513,68912.15871136473,1408,695,2014-01-01,0.10007798284377437,0.03379256563556018,0.49360795454545453
250,CO,1083,87,7330,18.1406127003449,74902.61549604381,3393,1536,2014-01-01,0.12377142857142857,0.02857142857142857,0.4526967285587975
1145,FL,2980,407,23534,18.370196290867405,69960.22824612838,11163,4528,2014-01-01,0.10617829402123566,0.040796693508159336,0.40562572785093615
31,AK,129,11,965,18.636354515050158,78165.37242474918,417,181,2014-01-01,0.11355633802816902,0.027288732394366196,0.434052757793765
109,AR,294,37,2744,19.85086378737541,66522.46135658915,1243,563,2014-01-01,0.09233668341708542,0.034233668341708545,0.45293644408688655
139,OK,380,38,3181,19.338168083097266,70277.12196883852,1393,725,2014-01-01,0.10165864098448368,0.0371856607811664,0.5204594400574301
118,UT,445,32,2457,18.80997004194127,74244.46428999401,1110,559,2014-01-01,0.14580602883355176,0.03866317169069463,0.5036036036036036
99,HI,323,25,1794,19.118244147157196,68559.26894648829,804,392,2014-01-01,0.14413208389112003,0.04417670682730924,0.48756218905472637
784,AZ,2469,340,14045,19.04282783505157,73306.86635360826,6652,3048,2015-01-01,0.13998185735344143,0.04444948406848849,0.4582080577269994
296,SC,1172,183,7727,20.522337816455696,73892.52629351265,3182,1874,2015-01-01,0.12497334186393687,0.03156323309874173,0.5889377749842866
430,LA,1162,177,7485,20.213607296979195,75554.8025343272,3294,1804,2015-01-01,0.12556732223903178,0.04646639291117355,0.5476624165148756
590,MN,1872,294,11311,19.473035004487755,71754.53290421847,5095,2704,2015-01-01,0.13307741522712732,0.04194213407265231,0.5307163886162904
1132,NJ,3546,670,23260,17.83127147087859,87641.23390259955,10092,5103,2015-01-01,0.12395134228187919,0.03956935123042506,0.5056480380499405
48,DC,288,68,1586,16.490258449304182,90472.26621272365,716,290,2015-01-01,0.14472361809045226,0.024120603015075376,0.40502793296089384
356,OR,1383,210,7446,18.56500606796116,67368.87818365695,3403,1541,2015-01-01,0.14720596061734964,0.037892496008515165,0.45283573317660886
1041,VA,2985,460,17970,19.416845341976217,83376.41781517492,7665,4368,2015-01-01,0.13292661204132525,0.046357320983256144,0.5698630136986301
127,RI,418,85,2765,18.276131307650573,73885.75743353227,1228,615,2015-01-01,0.12312223858615612,0.0374079528718704,0.500814332247557
291,KY,906,129,6179,20.391084630350207,67890.36060797665,2608,1504,2015-01-01,0.1207195203197868,0.03877415056628914,0.5766871165644172
68,WY,257,33,1408,20.727977777777767,80703.3783,595,305,2015-01-01,0.14552661381653453,0.03850509626274066,0.5126050420168067
88,NH,471,82,3117,19.5413627546072,80707.022900097,1386,676,2015-01-01,0.1253326237360298,0.023416711016498136,0.48773448773448774
819,MI,2463,379,16730,19.568607030430186,70946.25401713885,7741,3695,2015-01-01,0.12078858319846991,0.04016477857878476,0.4773285105283555
567,NV,1546,249,8428,19.282437542201222,70514.8096978393,4250,1674,2015-01-01,0.1432808155699722,0.052548656163113994,0.39388235294117646
393,WI,1290,180,8343,19.851983398092546,67925.16752207703,3829,1833,2015-01-01,0.12639623750734863,0.03850676072898295,0.4787150692086707
4699,CA,16683,2852,84862,17.685179361771734,82574.2566702258,41390,16677,2015-01-01,0.1529203637163599,0.04307215663269048,0.4029234114520416
374,CT,1332,286,9703,18.016922712185877,89297.21779042199,4227,2100,2015-01-01,0.11389482684908081,0.03197947840957674,0.49680624556423
80,MT,325,43,1785,20.21239242685026,63970.08078313254,796,366,2015-01-01,0.14554411106135243,0.035826242722794444,0.45979899497487436
934,NC,2783,461,17516,19.63690064794816,73603.94401561725,7649,4389,2015-01-01,0.12828431824467595,0.04305337881441873,0.5738004967969669
44,VT,160,39,1356,21.017186098654708,65840.87475336323,588,304,2015-01-01,0.10006253908692933,0.027517198248905566,0.5170068027210885
782,MD,2385,343,14758,18.732565377349097,84004.54462563389,6469,3588,2015-01-01,0.1305561637836654,0.04280709437267353,0.5546452311021797
90,DE,273,35,1798,19.256295399515736,75902.77971751413,800,439,2015-01-01,0.12431693989071038,0.040983606557377046,0.54875
511,MO,1575,230,10072,20.1930780713539,69919.90009255112,4379,2320,2015-01-01,0.12713916693574426,0.04124959638359703,0.5298013245033113
1042,IL,3715,681,25791,18.86281309297909,78629.23232862903,11613,5251,2015-01-01,0.11895994108040603,0.03336642223574242,0.4521656763971411
604,WA,2464,359,13365,18.98142088146241,75661.85579342827,6020,2897,2015-01-01,0.14673654121010005,0.03596950929013816,0.4812292358803987
127,MS,278,1,3347,21.006968762051685,68055.83449672195,1719,874,2015-01-01,0.07407407407407407,0.03383959499067413,0.508435136707388
487,AL,1242,193,7901,21.127026369927083,69693.52452590238,3376,1971,2015-01-01,0.12643795174590247,0.04957752214191184,0.5838270142180095
576,IN,1504,6,10833,20.34798045154184,68851.07598568282,4599,2665,2015-01-01,0.11641767938694945,0.04458549423329979,0.5794737986518809
1082,OH,3132,471,21507,20.559510212588606,68163.02089968043,9173,5221,2015-01-01,0.11957849725106903,0.04131032376298106,0.5691703913659654
203,NM,566,79,3494,21.071518502764796,71447.07527435136,1589,762,2015-01-01,0.13035467526485492,0.04675264854905573,0.47954688483322844
1151,PA,3180,601,22544,20.003832587347183,73502.44337096666,9508,5461,2015-01-01,0.11573737079633134,0.04189110496433251,0.5743584350021035
76,SD,240,42,1241,21.81164071856288,64430.57805988023,550,285,2015-01-01,0.150093808630394,0.047529706066291436,0.5181818181818182
2928,NY,7557,1629,51628,17.532206299491765,80748.84994001887,23396,10448,2015-01-01,0.11855605409306266,0.04593517617897148,0.44657206360061547
2351,TX,8092,1368,50940,20.116827103207765,82689.46887316635,23547,11152,2015-01-01,0.1289541202530637,0.03746553839779446,0.4736059795303011
139,WV,485,83,3192,21.252173252279622,67811.37746200607,1182,792,2015-01-01,0.12439086945370607,0.03565016670941267,0.6700507614213198
886,GA,3244,501,20756,19.722858054000426,75966.709976614,9392,4719,2015-01-01,0.12778193563634932,0.03489975184149368,0.5024488926746167
672,MA,2225,446,14184,17.695680075622274,81980.48018275392,6374,3147,2015-01-01,0.12694699606321674,0.038340845552576025,0.4937245058048321
221,KS,848,157,5793,20.40170503211991,70378.72343147751,2413,1323,2015-01-01,0.12081493090183787,0.03148596666191765,0.5482801491918773
552,CO,2524,290,13029,18.9822816497574,76303.13458756065,5968,3100,2015-01-01,0.1539493748093931,0.033668801463860934,0.5194369973190348
2361,FL,6709,1248,42484,19.432558965081732,72315.26567259448,20396,8901,2015-01-01,0.1270595810764744,0.0447142153706299,0.4364090998234948
72,AK,276,48,1523,19.424339622641508,78401.27236897276,650,304,2015-01-01,0.14382490880667015,0.03751954142782699,0.4676923076923077
254,AR,698,133,4809,20.977468274111693,66821.94867703048,2039,1113,2015-01-01,0.11842551747539871,0.04309467254835426,0.5458558116723884
321,OK,857,129,5837,20.307986391129045,72505.7543296371,2597,1371,2015-01-01,0.11996080627099664,0.04493281075027995,0.5279168271082018
247,UT,870,95,4081,19.59963681241184,72810.83794428773,1803,1033,2015-01-01,0.1643680332514642,0.04666540714150765,0.5729339988907377
191,HI,550,97,3037,20.11859817570812,72148.85533845414,1402,681,2015-01-01,0.14193548387096774,0.04929032258064516,0.48573466476462196
1459,AZ,3835,680,18522,18.90716880137638,76189.0328359778,7881,2581,2016-01-01,0.15655617243631614,0.059560744611365124,0.32749651059510215
581,SC,1850,357,10423,20.13433982881078,72656.94634559359,3936,1556,2016-01-01,0.14003481946862464,0.04397850276284914,0.3953252032520325
833,LA,1736,370,9526,19.8536170212766,77806.38509327984,3636,1349,2016-01-01,0.13926995587645408,0.06682711592458884,0.371012101210121
1162,MN,2743,554,14542,19.32717422372354,74117.08577217821,5596,2103,2016-01-01,0.1443608231145729,0.061154676069680544,0.37580414581844174
2235,NJ,5212,1316,30378,17.603341724354937,90159.45971745013,11745,4146,2016-01-01,0.13315960246289058,0.05710124932934774,0.35300127713920815
110,DC,432,107,1894,15.759102296450937,101341.14134655532,761,197,2016-01-01,0.1698780967361384,0.04325599685410932,0.2588699080157687
520,OR,2062,476,9054,18.485877061469274,71024.8745020347,3496,1173,2016-01-01,0.1702443857331572,0.042932628797886396,0.3355263157894737
1728,VA,4327,882,22704,19.101062136254736,87896.6272805066,8352,3334,2016-01-01,0.14598023008670422,0.05829762828514558,0.3991858237547893
243,RI,623,132,3645,18.21329611908558,74455.08910154174,1408,473,2016-01-01,0.1341804867542537,0.05233685117381004,0.3359375
586,KY,1393,294,8127,19.970504142011816,71434.37249467456,3011,1214,2016-01-01,0.1339423076923077,0.056346153846153844,0.403188309531717
122,WY,370,76,1774,20.930748663101603,72474.11156149732,652,283,2016-01-01,0.15798462852263023,0.05209222886421862,0.4340490797546012
178,NH,738,149,4148,19.531874105865533,80389.7685026228,1559,538,2016-01-01,0.14156915403798198,0.03414540571647803,0.3450930083386786
1575,MI,4024,869,21856,19.242526288570936,72419.81130299898,8687,2917,2016-01-01,0.14207032904956926,0.05560655274678718,0.33578911016461377
1028,NV,2189,475,10887,19.06096915584414,75119.0849918884,4796,1368,2016-01-01,0.15014747239179643,0.07051238082172989,0.28523769808173477
647,WI,2025,430,11026,19.957689518217915,70396.51599378345,4294,1497,2016-01-01,0.14333238958097394,0.0457955832389581,0.3486259897531439
30,ID,89,2,1106,21.664325429272292,63486.6269877551,879,346,2016-01-01,0.07253463732681337,0.02444987775061125,0.39362912400455063
8497,CA,22764,5163,106245,17.401493823961257,86449.99840277775,44439,13449,2016-01-01,0.15955813806783534,0.059557437144719595,0.3026395733477351
782,CT,2000,570,13139,17.73115248748896,88758.53813953488,5012,1782,2016-01-01,0.12127827299739252,0.04741980474198047,0.3555466879489226
160,MT,464,98,2232,20.37104184457728,66093.3105119454,868,304,2016-01-01,0.15707515233581584,0.05416384563303995,0.35023041474654376
1835,NC,4302,868,22773,19.333651840990605,75406.28447837773,8846,3433,2016-01-01,0.1444690711263349,0.0616226744576533,0.38808501017409
69,VT,317,53,1858,20.692983014861998,67861.10735668789,705,237,2016-01-01,0.13800609490639965,0.030039181541140617,0.33617021276595743
1419,MD,3477,672,19246,18.42832671300893,88210.30793367093,7084,2987,2016-01-01,0.14012251148545177,0.05718545982106875,0.42165443252399776
157,DE,414,84,2394,19.669392971246005,77756.17517571885,919,333,2016-01-01,0.13578222367989504,0.051492292554936044,0.36235038084874865
1019,MO,2310,512,13179,20.07246295497047,72106.45094662638,5093,1858,2016-01-01,0.13572267920094008,0.05987074030552291,0.36481445120753975
2196,IL,5461,1459,34377,18.767618160257467,81038.96687986903,13249,4465,2016-01-01,0.12556043501253075,0.05049088359046283,0.3370065665333233
1028,WA,3552,774,16301,18.635835642848523,79506.29483676667,6312,1989,2016-01-01,0.1640267836527361,0.047471715539136455,0.31511406844106465
973,AL,1849,368,10031,20.75534722222224,72238.10791705761,3824,1505,2016-01-01,0.13985326374706905,0.07359503819680811,0.3935669456066946
1077,IN,2485,500,14425,20.11108048079436,72771.49310304297,5521,2136,2016-01-01,0.1344187807648618,0.0582571536755558,0.38688643361709835
2218,OH,4647,1085,28536,20.13634860305394,70862.47864790987,10972,4027,2016-01-01,0.12736392040782765,0.06079044016883188,0.3670251549398469
1039,TN,2460,408,13615,20.364232673267328,70974.42516776678,5366,1906,2016-01-01,0.14039493208537837,0.05929688391736103,0.35519940365262764
394,NM,888,169,4328,20.851081909767846,72922.61679790026,1666,620,2016-01-01,0.15365980273403704,0.06817788544730922,0.37214885954381755
2202,PA,5140,1199,28491,19.74476308710948,75829.487703765,10288,4214,2016-01-01,0.138798876647224,0.05946208684381076,0.4096034214618974
152,SD,304,57,1605,21.29862343572241,69803.48786120593,643,236,2016-01-01,0.14353163361661944,0.07176581680830972,0.36702954898911355
5379,NY,11226,2989,67487,17.15540855702337,82606.35657569354,27165,8340,2016-01-01,0.1289144589520102,0.0617700761360113,0.30701270016565435
5075,TX,12295,2533,68039,19.786697723405968,84217.31040826243,27794,9241,2016-01-01,0.13980805530918106,0.05770848968638421,0.33248183061092323
220,WV,632,178,2932,20.79732467532467,70028.69974025973,520,250,2016-01-01,0.15951539626451286,0.05552751135790005,0.4807692307692308
1754,GA,4974,1059,27410,19.24599391340434,78979.27662978075,10548,3911,2016-01-01,0.14131886240304573,0.049833792652782906,0.37078119074706106
1260,MA,3455,808,18478,17.374107833163812,84895.13558189216,7258,2572,2016-01-01,0.1439523353193617,0.052497812591142036,0.3543675943786167
397,KS,1350,328,7283,20.323117465657422,73716.211006448,2602,965,2016-01-01,0.14426159435776875,0.04242359478521052,0.3708685626441199
1093,CO,4090,666,15970,18.798324619231607,77709.07323255287,6495,2303,2016-01-01,0.18745130390943673,0.05009395481002796,0.35458044649730563
4478,FL,10317,2250,57115,18.846479525896022,74495.08772244457,24414,7313,2016-01-01,0.13911812297734627,0.060382955771305286,0.29954124682559186
181,AK,421,86,1839,19.21358846918489,81771.10262425448,716,290,2016-01-01,0.1666007123070835,0.07162643450732094,0.40502793296089384
601,AR,1053,253,6230,20.451934613077377,71213.97385307346,2470,865,2016-01-01,0.12940887304903528,0.07386014501659088,0.35020242914979755
701,OK,1307,287,7594,20.602812807881765,74188.92394976606,2953,1108,2016-01-01,0.13216705430276066,0.0708868439680453,0.3752116491703352
411,UT,1401,206,4856,19.801281317108078,79189.11425608012,2034,762,2016-01-01,0.2038114634855979,0.05979051498399767,0.3746312684365782
282,HI,827,164,3780,19.670024764735018,77313.71817731552,1507,512,2016-01-01,0.1636651494161884,0.05580843063526618,0.33974784339747843
1760,AZ,5578,1050,20881,19.830228225430833,75330.9582443742,7855,2899,2017-01-01,0.19057706105435784,0.0601318801462298,0.36906429026098025
719,SC,2787,642,11718,20.257520205731087,75872.25237064219,3784,1666,2017-01-01,0.17565864111937476,0.04531703012731628,0.4402748414376321
1034,LA,2364,550,10562,20.19493082013235,76473.87912442397,3589,1402,2017-01-01,0.16292212267401793,0.07126119917298415,0.39063806074115354
1327,MN,3959,807,16208,19.60108007209063,75101.19772200771,5517,2253,2017-01-01,0.1775256714945518,0.059504058113985916,0.4083741163675911
2959,NJ,7347,2046,34183,17.69074177183862,98039.53286244204,11589,4586,2017-01-01,0.15788116471473085,0.06358654775975073,0.3957200793856243
127,DC,596,144,2008,15.926558044806516,98447.76940936864,728,254,2017-01-01,0.20730434782608695,0.04417391304347826,0.3489010989010989
594,OR,3027,577,10046,19.282205286513587,70903.3950144425,3788,1405,2017-01-01,0.21251053074978937,0.04170176916596462,0.3709081309398099
2103,VA,6225,1276,25130,19.536713478477655,92846.03668547717,8179,3871,2017-01-01,0.17921920884436,0.06054586284332354,0.47328524269470595
287,RI,1002,244,4075,17.904437086092724,74940.5315216285,1380,585,2017-01-01,0.17867332382310985,0.05117689015691869,0.42391304347826086
840,KY,2176,473,8944,20.514128312412833,69484.64990953375,3014,1297,2017-01-01,0.17501809699991958,0.06756213303305719,0.4303251493032515
146,WY,458,115,1877,22.089390986601703,69908.52930741191,557,266,2017-01-01,0.17642526964560862,0.05624036979969183,0.47755834829443444
255,NH,1156,287,4727,19.7642167617376,81200.78996054361,1622,659,2017-01-01,0.17992217898832685,0.03968871595330739,0.406288532675709
2043,MI,5860,1339,24187,19.680000863856236,72620.79418213209,8283,3302,2017-01-01,0.17529689790301833,0.06111460109485776,0.3986478329107811
1228,NV,3330,626,12124,19.49420896916848,75489.6006793098,4819,1614,2017-01-01,0.19239657961636236,0.07094984978044835,0.33492425814484333
769,WI,3116,663,12424,20.896354306864055,70213.62010588235,4191,1759,2017-01-01,0.18359651190195617,0.04530992222484091,0.41970890002386063
121,ID,346,1,1962,22.9251171579743,66855.07503776434,964,360,2017-01-01,0.14238683127572016,0.04979423868312757,0.37344398340248963
10706,CA,31274,6760,117242,17.627790118087894,87327.46399959899,44534,15317,2017-01-01,0.18841802123121784,0.06450096998469713,0.343939461984102
924,CT,3119,891,15700,18.034450520138705,87674.31906329113,5374,2131,2017-01-01,0.1511582824464476,0.044780459435882526,0.396538890956457
183,MT,627,138,2507,21.180679770679767,62400.80433360589,891,332,2017-01-01,0.18147612156295223,0.05296671490593343,0.372615039281706
2143,NC,6348,1240,25117,19.68667328534791,74862.35773974868,8553,3543,2017-01-01,0.1821625344352617,0.06149563820018365,0.4142406173272536
105,VT,484,133,2178,20.692898272552778,68280.44306142034,784,258,2017-01-01,0.16689655172413792,0.03620689655172414,0.32908163265306123
1897,MD,5035,1077,22069,18.656785319070448,88641.4189031247,7450,3399,2017-01-01,0.16739809827781102,0.06306935301549305,0.45624161073825503
218,DE,655,129,2637,20.103799196787154,76952.02731942214,855,391,2017-01-01,0.17999450398461117,0.05990656773838967,0.45730994152046783
1278,MO,3447,782,14729,20.678115962574424,71234.35081234078,5120,1946,2017-01-01,0.1703399881399486,0.06315477367068591,0.380078125
2748,IL,8509,2287,39112,19.37456385015035,82101.83138307752,13296,5011,2017-01-01,0.1615960194469766,0.05218778486782133,0.37688026474127556
1171,WA,5240,1016,17909,19.254939078422677,79885.2969891641,6539,2505,2017-01-01,0.20682033470161035,0.046218819071676666,0.3830860987918642
534,MS,1191,216,6016,20.874980762504375,75144.60347902098,2026,834,2017-01-01,0.14967952746009802,0.06711072012064849,0.4116485686080948
1091,AL,2595,539,10945,21.000916342412463,72140.93822032251,3569,1578,2017-01-01,0.17106130520764667,0.07191825972313777,0.44214065564583915
1384,IN,3876,821,16025,20.557609686238774,71458.09415268566,5365,2324,2017-01-01,0.17533701257577128,0.06260743689496065,0.4331780055917987
2784,OH,7058,1756,31386,20.720629457793834,70032.9365673396,10286,4178,2017-01-01,0.16420063279359762,0.06476828587381352,0.40618316157884504
1258,TN,3708,729,15043,20.782929775280902,71929.22798345253,5172,1959,2017-01-01,0.17880219886199247,0.06066158742405246,0.37877030162412995
417,NM,1222,256,4643,21.561358080579446,70665.82840560073,1620,594,2017-01-01,0.18690731110431325,0.06378097277454879,0.36666666666666664
2661,PA,7364,1797,31693,20.10397643299383,74760.66751611832,10512,4533,2017-01-01,0.1692290014937378,0.061151327128576356,0.4312214611872146
167,SD,410,107,1788,21.76135103926096,70712.06260668974,633,234,2017-01-01,0.16585760517799353,0.06755663430420712,0.3696682464454976
6806,NY,16416,4725,76696,16.9741834072879,82996.44775833332,27561,9639,2017-01-01,0.15687623634643502,0.06504018424548226,0.34973331882007186
6365,TX,18162,4068,76649,20.23830322580642,83916.06264748512,27348,9910,2017-01-01,0.1725704078142222,0.06047850708829007,0.3623665350299839
215,WV,645,292,2148,22.78260162601625,78856.04108401084,228,141,2017-01-01,0.19545454545454546,0.06515151515151515,0.618421052631579
2211,GA,7341,1529,30570,19.414360865290064,80192.72515259945,10040,4213,2017-01-01,0.1762502701015582,0.05308395956879787,0.4196215139442231
1667,MA,5014,1101,20854,17.806510575504188,84311.49595891085,7237,2936,2017-01-01,0.17509428691157983,0.058213437630954046,0.40569296669890836
542,KS,1918,456,8044,20.84434676102342,74061.67259983701,2611,1070,2017-01-01,0.175,0.04945255474452555,0.409804672539257
1326,CO,5445,857,17802,19.28695555555555,77639.81042150856,6727,2739,2017-01-01,0.21411718442784114,0.0521431380259536,0.40716515534413555
5533,FL,15607,3366,64494,19.20582499921623,75283.67984782066,23615,8321,2017-01-01,0.17535955056179775,0.062168539325842695,0.35236078763497775
173,AK,495,129,2010,19.862249742002074,81256.64637113402,712,258,2017-01-01,0.17634485215532597,0.06163163519771998,0.36235955056179775
679,AR,1536,427,6872,21.765540664026815,67344.72156886592,2394,895,2017-01-01,0.16144628967836872,0.0713685095648518,0.3738512949039265
828,OK,1900,415,8392,21.674227745371525,72509.09783633138,2800,1147,2017-01-01,0.164716081491114,0.0717815344603381,0.40964285714285714
441,UT,1827,234,5119,21.172819399203775,76287.04950577201,1931,841,2017-01-01,0.23973231859336044,0.057866421729431836,0.43552563438632835
389,HI,1088,213,4087,19.90708062093139,77745.17785285285,1448,550,2017-01-01,0.1883330448329583,0.0673359875367838,0.3798342541436464
